analysis_set,analysis_tier,cohort,group_type,group_value,baseline_n,mortality_followup_available_n,mortality_followup_available_pct,death_n,death_pct,median_followup_time_years,max_followup_time_years
functional_bridge_earliest_sensitivity,bridge_sensitivity,KLoSA,endotype_class,1,1986,1932,97.28,245,12.68,10.0,10.79
functional_bridge_earliest_sensitivity,bridge_sensitivity,KLoSA,endotype_class,2,1428,1406,98.46,222,15.79,10.0,10.88
functional_bridge_earliest_sensitivity,bridge_sensitivity,KLoSA,endotype_class,3,667,652,97.75,259,39.72,10.0,10.88
functional_bridge_earliest_sensitivity,bridge_sensitivity,KLoSA,overall,all,4081,3990,97.77,726,18.2,10.0,10.88
functional_bridge_earliest_sensitivity,bridge_sensitivity,KLoSA,severity_tertile,high,1360,1329,97.72,489,36.79,10.0,10.88
functional_bridge_earliest_sensitivity,bridge_sensitivity,KLoSA,severity_tertile,low,1361,1326,97.43,62,4.68,10.0,10.79
functional_bridge_earliest_sensitivity,bridge_sensitivity,KLoSA,severity_tertile,middle,1360,1335,98.16,175,13.11,10.0,10.88
strict_earliest_primary,strict_primary,CHARLS,endotype_class,1,4419,4305,97.42,385,8.94,9.0,9.12
strict_earliest_primary,strict_primary,CHARLS,endotype_class,2,687,676,98.4,90,13.31,9.0,9.0
strict_earliest_primary,strict_primary,CHARLS,endotype_class,3,913,891,97.59,229,25.7,9.0,9.29
strict_earliest_primary,strict_primary,CHARLS,overall,all,6019,5872,97.56,704,11.99,9.0,9.29
strict_earliest_primary,strict_primary,CHARLS,severity_tertile,high,2006,1966,98.01,396,20.14,9.0,9.29
strict_earliest_primary,strict_primary,CHARLS,severity_tertile,low,2007,1939,96.61,105,5.42,9.0,9.0
strict_earliest_primary,strict_primary,CHARLS,severity_tertile,middle,2006,1967,98.06,203,10.32,9.0,9.21
strict_earliest_primary,strict_primary,ELSA,endotype_class,1,2604,2283,87.67,66,2.89,15.0,17.0
strict_earliest_primary,strict_primary,ELSA,endotype_class,2,1668,1440,86.33,86,5.97,12.0,17.0
strict_earliest_primary,strict_primary,ELSA,endotype_class,3,624,512,82.05,60,11.72,10.0,17.0
strict_earliest_primary,strict_primary,ELSA,endotype_class,4,549,457,83.24,59,12.91,10.0,17.0
strict_earliest_primary,strict_primary,ELSA,endotype_class,5,659,545,82.7,82,15.05,9.0,17.0
strict_earliest_primary,strict_primary,ELSA,overall,all,6104,5237,85.8,353,6.74,12.0,17.0
strict_earliest_primary,strict_primary,ELSA,severity_tertile,high,2035,1656,81.38,214,12.92,8.46,17.0
strict_earliest_primary,strict_primary,ELSA,severity_tertile,low,2035,1821,89.48,36,1.98,16.0,17.0
strict_earliest_primary,strict_primary,ELSA,severity_tertile,middle,2034,1760,86.53,103,5.85,12.0,17.0
strict_earliest_primary,strict_primary,HRS,endotype_class,1,3596,3526,98.05,1292,36.64,18.75,21.12
strict_earliest_primary,strict_primary,HRS,endotype_class,2,4428,4365,98.58,2686,61.53,14.96,21.29
strict_earliest_primary,strict_primary,HRS,endotype_class,3,870,859,98.74,635,73.92,10.46,21.04
strict_earliest_primary,strict_primary,HRS,endotype_class,4,659,652,98.94,444,68.1,11.96,21.04
strict_earliest_primary,strict_primary,HRS,endotype_class,5,649,642,98.92,512,79.75,8.83,21.0
strict_earliest_primary,strict_primary,HRS,overall,all,10202,10044,98.45,5569,55.45,15.88,21.29
strict_earliest_primary,strict_primary,HRS,severity_tertile,high,3401,3367,99.0,2603,77.31,10.12,21.29
strict_earliest_primary,strict_primary,HRS,severity_tertile,low,3401,3330,97.91,1109,33.3,19.67,21.12
strict_earliest_primary,strict_primary,HRS,severity_tertile,middle,3400,3347,98.44,1857,55.48,16.21,21.12
strict_earliest_primary,strict_primary,LASI,endotype_class,1,15915,0,0.0,0,,,
strict_earliest_primary,strict_primary,LASI,endotype_class,2,5641,0,0.0,0,,,
strict_earliest_primary,strict_primary,LASI,endotype_class,3,5877,0,0.0,0,,,
strict_earliest_primary,strict_primary,LASI,overall,all,27433,0,0.0,0,,,
strict_earliest_primary,strict_primary,LASI,severity_tertile,high,9144,0,0.0,0,,,
strict_earliest_primary,strict_primary,LASI,severity_tertile,low,9145,0,0.0,0,,,
strict_earliest_primary,strict_primary,LASI,severity_tertile,middle,9144,0,0.0,0,,,
strict_earliest_primary,strict_primary,MHAS,endotype_class,1,2719,2607,95.88,617,23.67,17.0,18.0
strict_earliest_primary,strict_primary,MHAS,endotype_class,2,2267,2186,96.43,700,32.02,17.0,18.0
strict_earliest_primary,strict_primary,MHAS,endotype_class,3,760,732,96.32,370,50.55,14.0,18.0
strict_earliest_primary,strict_primary,MHAS,endotype_class,4,467,454,97.22,267,58.81,12.21,18.0
strict_earliest_primary,strict_primary,MHAS,endotype_class,5,520,508,97.69,282,55.51,13.79,18.0
strict_earliest_primary,strict_primary,MHAS,overall,all,6733,6487,96.35,2236,34.47,17.0,18.0
strict_earliest_primary,strict_primary,MHAS,severity_tertile,high,2244,2168,96.61,1105,50.97,14.0,18.0
strict_earliest_primary,strict_primary,MHAS,severity_tertile,low,2245,2151,95.81,437,20.32,17.0,18.0
strict_earliest_primary,strict_primary,MHAS,severity_tertile,middle,2244,2168,96.61,694,32.01,17.0,18.0
strict_earliest_primary,strict_primary,SHARE,endotype_class,1,6678,5438,81.43,754,13.87,12.0,17.96
strict_earliest_primary,strict_primary,SHARE,endotype_class,2,5896,4929,83.6,1115,22.62,11.54,17.96
strict_earliest_primary,strict_primary,SHARE,endotype_class,3,2009,1648,82.03,680,41.26,9.92,17.96
strict_earliest_primary,strict_primary,SHARE,endotype_class,4,1138,945,83.04,652,68.99,6.12,17.79
strict_earliest_primary,strict_primary,SHARE,overall,all,15721,12960,82.44,3201,24.7,11.0,17.96
strict_earliest_primary,strict_primary,SHARE,severity_tertile,high,5240,4306,82.18,1806,41.94,9.21,17.96
strict_earliest_primary,strict_primary,SHARE,severity_tertile,low,5241,4286,81.78,464,10.83,12.0,17.96
strict_earliest_primary,strict_primary,SHARE,severity_tertile,middle,5240,4368,83.36,931,21.31,12.0,17.96
