analysis_set,analysis_tier,cohort,period,cutpoint_years,term,term_label,n,events,log_hr,hr,ci_low,ci_high,p_value
functional_bridge_earliest_sensitivity,bridge_sensitivity,KLoSA,full_followup,6.875,"C(endotype_class, Treatment(reference='1'))[T.2]",2,3990,726,-0.043836,0.9571,0.7979,1.148,0.636642
functional_bridge_earliest_sensitivity,bridge_sensitivity,KLoSA,full_followup,6.875,"C(endotype_class, Treatment(reference='1'))[T.3]",3,3990,726,0.274868,1.3164,1.0981,1.578,0.002965
functional_bridge_earliest_sensitivity,bridge_sensitivity,KLoSA,full_followup,6.875,age,age,3990,726,0.112525,1.1191,1.1098,1.1285,0.0
functional_bridge_earliest_sensitivity,bridge_sensitivity,KLoSA,early,6.875,"C(endotype_class, Treatment(reference='1'))[T.2]",2,3990,371,-0.402448,0.6687,0.5118,0.8737,0.003187
functional_bridge_earliest_sensitivity,bridge_sensitivity,KLoSA,early,6.875,"C(endotype_class, Treatment(reference='1'))[T.3]",3,3990,371,0.213614,1.2381,0.9787,1.5664,0.075041
functional_bridge_earliest_sensitivity,bridge_sensitivity,KLoSA,early,6.875,age,age,3990,371,0.122164,1.1299,1.1176,1.1425,0.0
functional_bridge_earliest_sensitivity,bridge_sensitivity,KLoSA,late,6.875,"C(endotype_class, Treatment(reference='1'))[T.2]",2,3412,355,0.320494,1.3778,1.0629,1.7861,0.015498
functional_bridge_earliest_sensitivity,bridge_sensitivity,KLoSA,late,6.875,"C(endotype_class, Treatment(reference='1'))[T.3]",3,3412,355,0.407863,1.5036,1.1317,1.9977,0.004903
functional_bridge_earliest_sensitivity,bridge_sensitivity,KLoSA,late,6.875,age,age,3412,355,0.097966,1.1029,1.0889,1.1171,0.0
strict_earliest_primary,strict_primary,CHARLS,full_followup,5.5417,"C(endotype_class, Treatment(reference='1'))[T.2]",2,5872,704,0.202902,1.225,0.9734,1.5415,0.08363
strict_earliest_primary,strict_primary,CHARLS,full_followup,5.5417,"C(endotype_class, Treatment(reference='1'))[T.3]",3,5872,704,0.609883,1.8402,1.5524,2.1814,0.0
strict_earliest_primary,strict_primary,CHARLS,full_followup,5.5417,age,age,5872,704,0.101573,1.1069,1.0986,1.1152,0.0
strict_earliest_primary,strict_primary,CHARLS,early,5.5417,"C(endotype_class, Treatment(reference='1'))[T.2]",2,5872,488,0.216692,1.242,0.9425,1.6366,0.123738
strict_earliest_primary,strict_primary,CHARLS,early,5.5417,"C(endotype_class, Treatment(reference='1'))[T.3]",3,5872,488,0.622478,1.8635,1.521,2.2832,0.0
strict_earliest_primary,strict_primary,CHARLS,early,5.5417,age,age,5872,488,0.099306,1.1044,1.0946,1.1143,0.0
strict_earliest_primary,strict_primary,CHARLS,late,5.5417,"C(endotype_class, Treatment(reference='1'))[T.2]",2,5143,216,0.178192,1.1951,0.7883,1.8117,0.401269
strict_earliest_primary,strict_primary,CHARLS,late,5.5417,"C(endotype_class, Treatment(reference='1'))[T.3]",3,5143,216,0.589696,1.8034,1.3202,2.4635,0.000211
strict_earliest_primary,strict_primary,CHARLS,late,5.5417,age,age,5143,216,0.106931,1.1129,1.0977,1.1282,0.0
strict_earliest_primary,strict_primary,ELSA,full_followup,5.4583,"C(endotype_class, Treatment(reference='1'))[T.2]",2,5237,353,0.385519,1.4704,1.0647,2.0307,0.019261
strict_earliest_primary,strict_primary,ELSA,full_followup,5.4583,"C(endotype_class, Treatment(reference='1'))[T.3]",3,5237,353,0.744243,2.1048,1.4705,3.0129,4.8e-05
strict_earliest_primary,strict_primary,ELSA,full_followup,5.4583,"C(endotype_class, Treatment(reference='1'))[T.4]",4,5237,353,0.928852,2.5316,1.7706,3.6196,0.0
strict_earliest_primary,strict_primary,ELSA,full_followup,5.4583,"C(endotype_class, Treatment(reference='1'))[T.5]",5,5237,353,1.10224,3.0109,2.1579,4.2011,0.0
strict_earliest_primary,strict_primary,ELSA,full_followup,5.4583,age,age,5237,353,0.10706,1.113,1.0998,1.1264,0.0
strict_earliest_primary,strict_primary,ELSA,early,5.4583,"C(endotype_class, Treatment(reference='1'))[T.2]",2,5237,203,0.4004,1.4924,0.959,2.3226,0.075997
strict_earliest_primary,strict_primary,ELSA,early,5.4583,"C(endotype_class, Treatment(reference='1'))[T.3]",3,5237,203,0.767108,2.1535,1.3262,3.4969,0.001926
strict_earliest_primary,strict_primary,ELSA,early,5.4583,"C(endotype_class, Treatment(reference='1'))[T.4]",4,5237,203,1.009142,2.7432,1.7032,4.4183,3.3e-05
strict_earliest_primary,strict_primary,ELSA,early,5.4583,"C(endotype_class, Treatment(reference='1'))[T.5]",5,5237,203,1.234766,3.4376,2.2145,5.3363,0.0
strict_earliest_primary,strict_primary,ELSA,early,5.4583,age,age,5237,203,0.094817,1.0995,1.0828,1.1164,0.0
strict_earliest_primary,strict_primary,ELSA,late,5.4583,"C(endotype_class, Treatment(reference='1'))[T.2]",2,4069,150,0.356399,1.4282,0.8904,2.2909,0.139335
strict_earliest_primary,strict_primary,ELSA,late,5.4583,"C(endotype_class, Treatment(reference='1'))[T.3]",3,4069,150,0.728132,2.0712,1.2159,3.5282,0.00738
strict_earliest_primary,strict_primary,ELSA,late,5.4583,"C(endotype_class, Treatment(reference='1'))[T.4]",4,4069,150,0.807513,2.2423,1.3024,3.8607,0.003581
strict_earliest_primary,strict_primary,ELSA,late,5.4583,"C(endotype_class, Treatment(reference='1'))[T.5]",5,4069,150,0.916114,2.4996,1.4904,4.192,0.000515
strict_earliest_primary,strict_primary,ELSA,late,5.4583,age,age,4069,150,0.124785,1.1329,1.1116,1.1547,0.0
strict_earliest_primary,strict_primary,HRS,full_followup,10.7917,"C(endotype_class, Treatment(reference='1'))[T.2]",2,10044,5569,0.496013,1.6422,1.5358,1.7559,0.0
strict_earliest_primary,strict_primary,HRS,full_followup,10.7917,"C(endotype_class, Treatment(reference='1'))[T.3]",3,10044,5569,0.798104,2.2213,2.0168,2.4466,0.0
strict_earliest_primary,strict_primary,HRS,full_followup,10.7917,"C(endotype_class, Treatment(reference='1'))[T.4]",4,10044,5569,0.759231,2.1366,1.9168,2.3817,0.0
strict_earliest_primary,strict_primary,HRS,full_followup,10.7917,"C(endotype_class, Treatment(reference='1'))[T.5]",5,10044,5569,1.056781,2.8771,2.592,3.1935,0.0
strict_earliest_primary,strict_primary,HRS,full_followup,10.7917,age,age,10044,5569,0.093275,1.0978,1.0945,1.101,0.0
strict_earliest_primary,strict_primary,HRS,early,10.7917,"C(endotype_class, Treatment(reference='1'))[T.2]",2,10044,2812,0.668288,1.9509,1.7501,2.1748,0.0
strict_earliest_primary,strict_primary,HRS,early,10.7917,"C(endotype_class, Treatment(reference='1'))[T.3]",3,10044,2812,1.047007,2.8491,2.484,3.2678,0.0
strict_earliest_primary,strict_primary,HRS,early,10.7917,"C(endotype_class, Treatment(reference='1'))[T.4]",4,10044,2812,1.07142,2.9195,2.5082,3.3983,0.0
strict_earliest_primary,strict_primary,HRS,early,10.7917,"C(endotype_class, Treatment(reference='1'))[T.5]",5,10044,2812,1.342739,3.8295,3.3193,4.4181,0.0
strict_earliest_primary,strict_primary,HRS,early,10.7917,age,age,10044,2812,0.087213,1.0911,1.0869,1.0953,0.0
strict_earliest_primary,strict_primary,HRS,late,10.7917,"C(endotype_class, Treatment(reference='1'))[T.2]",2,6788,2757,0.401349,1.4938,1.3706,1.6282,0.0
strict_earliest_primary,strict_primary,HRS,late,10.7917,"C(endotype_class, Treatment(reference='1'))[T.3]",3,6788,2757,0.60516,1.8315,1.5813,2.1215,0.0
strict_earliest_primary,strict_primary,HRS,late,10.7917,"C(endotype_class, Treatment(reference='1'))[T.4]",4,6788,2757,0.483098,1.6211,1.3736,1.9131,0.0
strict_earliest_primary,strict_primary,HRS,late,10.7917,"C(endotype_class, Treatment(reference='1'))[T.5]",5,6788,2757,0.790767,2.2051,1.8584,2.6164,0.0
strict_earliest_primary,strict_primary,HRS,late,10.7917,age,age,6788,2757,0.099841,1.105,1.0999,1.1101,0.0
strict_earliest_primary,strict_primary,MHAS,full_followup,10.2083,"C(endotype_class, Treatment(reference='1'))[T.2]",2,6487,2236,0.310855,1.3646,1.2246,1.5206,0.0
strict_earliest_primary,strict_primary,MHAS,full_followup,10.2083,"C(endotype_class, Treatment(reference='1'))[T.3]",3,6487,2236,0.881119,2.4136,2.1212,2.7464,0.0
strict_earliest_primary,strict_primary,MHAS,full_followup,10.2083,"C(endotype_class, Treatment(reference='1'))[T.4]",4,6487,2236,0.758287,2.1346,1.8423,2.4733,0.0
strict_earliest_primary,strict_primary,MHAS,full_followup,10.2083,"C(endotype_class, Treatment(reference='1'))[T.5]",5,6487,2236,0.669847,1.9539,1.6924,2.2558,0.0
strict_earliest_primary,strict_primary,MHAS,full_followup,10.2083,age,age,6487,2236,0.085357,1.0891,1.0843,1.0939,0.0
strict_earliest_primary,strict_primary,MHAS,early,10.2083,"C(endotype_class, Treatment(reference='1'))[T.2]",2,6487,1120,0.261606,1.299,1.1032,1.5296,0.001701
strict_earliest_primary,strict_primary,MHAS,early,10.2083,"C(endotype_class, Treatment(reference='1'))[T.3]",3,6487,1120,0.967161,2.6305,2.1941,3.1536,0.0
strict_earliest_primary,strict_primary,MHAS,early,10.2083,"C(endotype_class, Treatment(reference='1'))[T.4]",4,6487,1120,0.820261,2.2711,1.8537,2.7824,0.0
strict_earliest_primary,strict_primary,MHAS,early,10.2083,"C(endotype_class, Treatment(reference='1'))[T.5]",5,6487,1120,0.823691,2.2789,1.8774,2.7662,0.0
strict_earliest_primary,strict_primary,MHAS,early,10.2083,age,age,6487,1120,0.081633,1.0851,1.0786,1.0915,0.0
strict_earliest_primary,strict_primary,MHAS,late,10.2083,"C(endotype_class, Treatment(reference='1'))[T.2]",2,4971,1116,0.354958,1.4261,1.2342,1.6479,1e-06
strict_earliest_primary,strict_primary,MHAS,late,10.2083,"C(endotype_class, Treatment(reference='1'))[T.3]",3,4971,1116,0.791159,2.206,1.8315,2.6569,0.0
strict_earliest_primary,strict_primary,MHAS,late,10.2083,"C(endotype_class, Treatment(reference='1'))[T.4]",4,4971,1116,0.707505,2.0289,1.6331,2.5207,0.0
strict_earliest_primary,strict_primary,MHAS,late,10.2083,"C(endotype_class, Treatment(reference='1'))[T.5]",5,4971,1116,0.477584,1.6122,1.2908,2.0135,2.5e-05
strict_earliest_primary,strict_primary,MHAS,late,10.2083,age,age,4971,1116,0.08945,1.0936,1.0863,1.1009,0.0
strict_earliest_primary,strict_primary,SHARE,full_followup,8.7917,"C(endotype_class, Treatment(reference='1'))[T.2]",2,12960,3201,0.216229,1.2414,1.1314,1.3621,5e-06
strict_earliest_primary,strict_primary,SHARE,full_followup,8.7917,"C(endotype_class, Treatment(reference='1'))[T.3]",3,12960,3201,0.514618,1.673,1.5036,1.8615,0.0
strict_earliest_primary,strict_primary,SHARE,full_followup,8.7917,"C(endotype_class, Treatment(reference='1'))[T.4]",4,12960,3201,1.012654,2.7529,2.453,3.0895,0.0
strict_earliest_primary,strict_primary,SHARE,full_followup,8.7917,age,age,12960,3201,0.102243,1.1077,1.1032,1.1121,0.0
strict_earliest_primary,strict_primary,SHARE,early,8.7917,"C(endotype_class, Treatment(reference='1'))[T.2]",2,12960,1612,0.241532,1.2732,1.1045,1.4676,0.000866
strict_earliest_primary,strict_primary,SHARE,early,8.7917,"C(endotype_class, Treatment(reference='1'))[T.3]",3,12960,1612,0.618035,1.8553,1.5872,2.1687,0.0
strict_earliest_primary,strict_primary,SHARE,early,8.7917,"C(endotype_class, Treatment(reference='1'))[T.4]",4,12960,1612,1.186626,3.276,2.7971,3.837,0.0
strict_earliest_primary,strict_primary,SHARE,early,8.7917,age,age,12960,1612,0.09766,1.1026,1.0966,1.1086,0.0
strict_earliest_primary,strict_primary,SHARE,late,8.7917,"C(endotype_class, Treatment(reference='1'))[T.2]",2,8511,1589,0.192841,1.2127,1.0728,1.3708,0.002046
strict_earliest_primary,strict_primary,SHARE,late,8.7917,"C(endotype_class, Treatment(reference='1'))[T.3]",3,8511,1589,0.426147,1.5313,1.3214,1.7746,0.0
strict_earliest_primary,strict_primary,SHARE,late,8.7917,"C(endotype_class, Treatment(reference='1'))[T.4]",4,8511,1589,0.786528,2.1958,1.8321,2.6315,0.0
strict_earliest_primary,strict_primary,SHARE,late,8.7917,age,age,8511,1589,0.106789,1.1127,1.106,1.1195,0.0
