analysis_set,analysis_tier,cohort,wave,n_classes,class,class_n,class_pct,profile_label,severity_mean,functional_score,cognitive_score,affective_score,cardiometabolic_chronic_score,functional_deterioration_ge_0_5sd_event_pct,functional_or_formatted,chronic_progression_ge_1_condition_event_pct,chronic_or_formatted,death_pct,mortality_hr_formatted,class_outcome_note
functional_bridge_earliest_sensitivity,bridge_sensitivity,KLoSA,3,3,1,1986,48.66,intermediate_spared_cardiometabolic_chronic,-0.3526,-0.1896,-0.181,-0.1797,-0.8603,27.01,1.00 (1.00-1.00),33.26,1.00 (1.00-1.00),12.68,1.00 (1.00-1.00),cardiometabolic-spared
functional_bridge_earliest_sensitivity,bridge_sensitivity,KLoSA,3,3,2,1428,34.99,intermediate_high_cardiometabolic_chronic,-0.0178,-0.3015,-0.2065,-0.1477,0.5847,35.69,1.39 (1.19-1.62),28.11,0.77 (0.66-0.90),15.79,0.96 (0.80-1.15),cardiometabolic-heavy
functional_bridge_earliest_sensitivity,bridge_sensitivity,KLoSA,3,3,3,667,16.34,high_burden_severity_aligned,1.011,1.1217,0.9561,0.72,1.2461,25.21,0.73 (0.59-0.92),21.66,0.53 (0.42-0.67),39.72,1.32 (1.10-1.58),
strict_earliest_primary,strict_primary,CHARLS,1,3,1,4419,73.42,intermediate_severity_aligned,-0.2315,-0.5196,-0.1505,-0.1997,-0.056,32.71,1.00 (1.00-1.00),47.93,1.00 (1.00-1.00),8.94,1.00 (1.00-1.00),
strict_earliest_primary,strict_primary,CHARLS,1,3,2,687,11.41,intermediate_severity_aligned,0.2213,0.2715,0.2962,0.2228,0.0946,29.88,0.77 (0.64-0.92),49.47,1.08 (0.92-1.28),13.31,1.23 (0.97-1.54),
strict_earliest_primary,strict_primary,CHARLS,1,3,3,913,15.17,high_burden_high_functional_spared_cardiometabolic_chronic,0.8407,1.8374,0.5856,0.7004,0.2395,23.43,0.45 (0.37-0.54),49.76,1.12 (0.97-1.31),25.7,1.84 (1.55-2.18),functional-heavy; cardiometabolic-spared; mortality HR>1.5
strict_earliest_primary,strict_primary,ELSA,1,5,1,2604,42.66,intermediate_spared_cardiometabolic_chronic,-0.4149,-0.4212,-0.1999,-0.1985,-0.8399,18.54,1.00 (1.00-1.00),61.38,1.00 (1.00-1.00),2.89,1.00 (1.00-1.00),cardiometabolic-spared
strict_earliest_primary,strict_primary,ELSA,1,5,2,1668,27.33,intermediate_high_cardiometabolic_chronic_spared_functional,-0.0601,-0.4212,-0.0594,-0.1414,0.3817,25.93,1.18 (1.00-1.40),64.21,1.18 (1.03-1.36),5.97,1.47 (1.06-2.03),cardiometabolic-heavy
strict_earliest_primary,strict_primary,ELSA,1,5,3,624,10.22,intermediate_severity_aligned,0.3703,0.5706,0.301,0.3121,0.2975,37.5,1.48 (1.17-1.86),65.32,1.32 (1.07-1.63),11.72,2.10 (1.47-3.01),mortality HR>1.5
strict_earliest_primary,strict_primary,ELSA,1,5,4,549,8.99,intermediate_high_cardiometabolic_chronic_spared_functional_affective,0.4103,-0.4212,0.2046,0.0297,1.828,43.89,2.12 (1.68-2.67),60.41,1.06 (0.86-1.31),12.91,2.53 (1.77-3.62),cardiometabolic-heavy; functional OR>1.5; mortality HR>1.5
strict_earliest_primary,strict_primary,ELSA,1,5,5,659,10.8,high_burden_high_functional_spared_cognitive_cardiometabolic_chronic,1.0426,2.4804,0.3863,0.825,0.4785,28.1,0.94 (0.74-1.19),66.28,1.37 (1.11-1.68),15.05,3.01 (2.16-4.20),functional-heavy; mortality HR>1.5
strict_earliest_primary,strict_primary,HRS,5,5,1,3596,35.25,intermediate_spared_cardiometabolic_chronic,-0.4924,-0.4133,-0.2965,-0.2705,-0.9894,26.56,1.00 (1.00-1.00),77.38,1.00 (1.00-1.00),36.64,1.00 (1.00-1.00),cardiometabolic-spared
strict_earliest_primary,strict_primary,HRS,5,5,2,4428,43.4,intermediate_high_cardiometabolic_chronic_spared_functional,-0.0303,-0.4133,-0.0053,-0.2097,0.5071,42.76,1.67 (1.51-1.85),67.02,0.70 (0.63-0.78),61.53,1.64 (1.54-1.76),cardiometabolic-heavy; functional OR>1.5; mortality HR>1.5
strict_earliest_primary,strict_primary,HRS,5,5,3,870,8.53,intermediate_severity_aligned,0.397,0.3953,0.3903,0.347,0.4554,49.67,1.92 (1.62-2.27),61.77,0.63 (0.53-0.74),73.92,2.22 (2.02-2.45),functional OR>1.5; mortality HR>1.5
strict_earliest_primary,strict_primary,HRS,5,5,4,659,6.46,high_burden_high_affective_spared_cardiometabolic_chronic,0.6935,0.7683,0.49,1.5036,0.0122,45.9,1.85 (1.53-2.23),69.43,0.82 (0.67-1.00),68.1,2.14 (1.92-2.38),affective-heavy; cardiometabolic-spared; functional OR>1.5; mortality HR>1.5
strict_earliest_primary,strict_primary,HRS,5,5,5,649,6.36,high_burden_high_functional_spared_cognitive,1.1369,2.1171,0.6453,0.9257,0.8595,42.62,1.42 (1.16-1.72),57.14,0.51 (0.42-0.62),79.75,2.88 (2.59-3.19),functional-heavy; mortality HR>1.5
strict_earliest_primary,strict_primary,LASI,all_rows_no_wave,3,1,15915,58.01,intermediate_spared_cardiometabolic_chronic,-0.1877,-0.0969,0.0875,-0.0156,-0.7258,,1.00 (1.00-1.00),,1.00 (1.00-1.00),,,cardiometabolic-spared
strict_earliest_primary,strict_primary,LASI,all_rows_no_wave,3,2,5641,20.56,intermediate_high_cardiometabolic_chronic_spared_functional,-0.0429,-0.6137,-0.3776,-0.1293,0.9491,,,,,,,cardiometabolic-heavy
strict_earliest_primary,strict_primary,LASI,all_rows_no_wave,3,3,5877,21.42,high_burden_high_cardiometabolic_chronic_spared_cognitive,0.5127,0.7158,0.1264,0.1667,1.0421,,,,,,,cardiometabolic-heavy
strict_earliest_primary,strict_primary,MHAS,1,5,1,2719,40.38,intermediate_spared_cardiometabolic_chronic,-0.4101,-0.323,-0.101,-0.2616,-0.955,19.88,1.00 (1.00-1.00),60.26,1.00 (1.00-1.00),23.67,1.00 (1.00-1.00),cardiometabolic-spared
strict_earliest_primary,strict_primary,MHAS,1,5,2,2267,33.67,intermediate_high_cardiometabolic_chronic,0.0043,-0.323,-0.0613,-0.0205,0.4219,28.85,1.60 (1.38-1.85),43.91,0.53 (0.47-0.59),32.02,1.36 (1.22-1.52),cardiometabolic-heavy; functional OR>1.5
strict_earliest_primary,strict_primary,MHAS,1,5,3,760,11.29,high_burden_high_cardiometabolic_chronic_spared_functional_cognitive,0.5351,-0.0191,0.0665,0.2944,1.7987,37.14,2.18 (1.79-2.67),25.25,0.23 (0.19-0.28),50.55,2.41 (2.12-2.75),cardiometabolic-heavy; functional OR>1.5; mortality HR>1.5
strict_earliest_primary,strict_primary,MHAS,1,5,4,467,6.94,high_burden_high_functional_spared_cardiometabolic_chronic,0.6752,1.8217,0.3702,0.5134,-0.0047,29.3,1.21 (0.92-1.60),45.01,0.70 (0.56-0.87),58.81,2.13 (1.84-2.47),functional-heavy; cardiometabolic-spared; mortality HR>1.5
strict_earliest_primary,strict_primary,MHAS,1,5,5,520,7.72,high_burden_high_functional_spared_cognitive,0.7182,1.5444,0.2831,0.6233,0.4219,34.03,1.49 (1.16-1.90),40.34,0.58 (0.47-0.71),55.51,1.95 (1.69-2.26),functional-heavy; mortality HR>1.5
strict_earliest_primary,strict_primary,SHARE,1,4,1,6678,42.48,intermediate_spared_cardiometabolic_chronic,-0.4235,-0.3175,-0.2591,-0.2476,-0.8698,4.1,1.00 (1.00-1.00),51.55,1.00 (1.00-1.00),13.87,1.00 (1.00-1.00),cardiometabolic-spared
strict_earliest_primary,strict_primary,SHARE,1,4,2,5896,37.5,intermediate_high_cardiometabolic_chronic_spared_functional,0.0195,-0.366,-0.1176,-0.084,0.6455,0.0,0.00 (0.00-inf),43.69,0.70 (0.65-0.76),22.62,1.24 (1.13-1.36),cardiometabolic-heavy
strict_earliest_primary,strict_primary,SHARE,1,4,3,2009,12.78,intermediate_severity_aligned,0.439,0.4449,0.2444,0.4764,0.5903,52.31,33.04 (27.39-39.86),51.3,0.91 (0.81-1.02),41.26,1.67 (1.50-1.86),functional OR>1.5; mortality HR>1.5
strict_earliest_primary,strict_primary,SHARE,1,4,4,1138,7.24,high_burden_high_functional_spared_affective_cardiometabolic_chronic,1.5971,2.941,1.6908,1.0327,0.7241,75.9,114.29 (88.05-148.35),48.2,0.75 (0.64-0.89),68.99,2.75 (2.45-3.09),functional-heavy; functional OR>1.5; mortality HR>1.5
