cohort,model_type,risk_decile,n,observed_event_pct,mean_predicted_event_pct
CHARLS,lfo_profile_adjusted,1,569,15.114235500878733,15.213848543797672
CHARLS,lfo_profile_adjusted,2,569,21.26537785588752,20.038575546335963
CHARLS,lfo_profile_adjusted,3,568,21.654929577464788,22.5925892970373
CHARLS,lfo_profile_adjusted,4,569,27.240773286467483,25.032213507338575
CHARLS,lfo_profile_adjusted,5,569,25.65905096660808,27.697814331578684
CHARLS,lfo_profile_adjusted,6,568,31.161971830985912,30.50953536872878
CHARLS,lfo_profile_adjusted,7,569,32.68892794376098,33.93001719723675
CHARLS,lfo_profile_adjusted,8,568,36.79577464788733,37.79527052477808
CHARLS,lfo_profile_adjusted,9,569,44.463971880492096,43.395041502197564
CHARLS,lfo_profile_adjusted,10,569,54.305799648506145,54.14816517435619
CHARLS,continuous_three_domain_adjusted,1,569,13.005272407732866,14.126171881485755
CHARLS,continuous_three_domain_adjusted,2,569,15.992970123022848,18.915316535483576
CHARLS,continuous_three_domain_adjusted,3,568,22.711267605633804,21.99177713188416
CHARLS,continuous_three_domain_adjusted,4,569,27.240773286467483,24.768656054247217
CHARLS,continuous_three_domain_adjusted,5,569,27.06502636203866,27.392313089597742
CHARLS,continuous_three_domain_adjusted,6,568,31.690140845070424,30.6007289685681
CHARLS,continuous_three_domain_adjusted,7,569,34.44639718804921,34.21223742361927
CHARLS,continuous_three_domain_adjusted,8,568,39.08450704225352,38.34957898292342
CHARLS,continuous_three_domain_adjusted,9,569,45.342706502636204,44.20512898170749
CHARLS,continuous_three_domain_adjusted,10,569,53.77855887521969,55.791240484930384
ELSA,lfo_profile_adjusted,1,457,5.032822757111598,7.294819371363458
ELSA,lfo_profile_adjusted,2,456,8.333333333333332,9.519547783761864
ELSA,lfo_profile_adjusted,3,456,12.280701754385964,11.80133098780136
ELSA,lfo_profile_adjusted,4,456,15.789473684210526,14.562297809815517
ELSA,lfo_profile_adjusted,5,456,18.201754385964914,18.111927391864153
ELSA,lfo_profile_adjusted,6,456,20.175438596491226,22.736077661408626
ELSA,lfo_profile_adjusted,7,456,30.482456140350877,28.905030222202864
ELSA,lfo_profile_adjusted,8,456,40.78947368421053,36.90788971538596
ELSA,lfo_profile_adjusted,9,456,53.07017543859649,47.11219498719513
ELSA,lfo_profile_adjusted,10,457,54.48577680525164,61.66957618421892
ELSA,continuous_three_domain_adjusted,1,457,4.3763676148796495,6.892077673600349
ELSA,continuous_three_domain_adjusted,2,456,7.675438596491229,9.346218688252575
ELSA,continuous_three_domain_adjusted,3,456,12.719298245614036,11.625249147488569
ELSA,continuous_three_domain_adjusted,4,456,14.473684210526317,14.471816616760666
ELSA,continuous_three_domain_adjusted,5,456,17.543859649122805,18.107920286749195
ELSA,continuous_three_domain_adjusted,6,456,21.710526315789476,22.551144233113547
ELSA,continuous_three_domain_adjusted,7,456,29.166666666666668,28.396342288667654
ELSA,continuous_three_domain_adjusted,8,456,41.885964912280706,36.670228557017644
ELSA,continuous_three_domain_adjusted,9,456,51.973684210526315,47.48780706332389
ELSA,continuous_three_domain_adjusted,10,457,57.11159737417943,63.06970031786015
HRS,lfo_profile_adjusted,1,943,9.968186638388122,15.117462290356068
HRS,lfo_profile_adjusted,2,943,18.027571580063626,20.440832117259077
HRS,lfo_profile_adjusted,3,943,22.481442205726403,24.534123924514155
HRS,lfo_profile_adjusted,4,943,31.70731707317073,28.715911507164943
HRS,lfo_profile_adjusted,5,943,37.22163308589608,32.93868676999307
HRS,lfo_profile_adjusted,6,943,39.02439024390244,37.29181592298437
HRS,lfo_profile_adjusted,7,943,48.038176033934256,42.441988160731356
HRS,lfo_profile_adjusted,8,943,52.17391304347826,48.83189822237182
HRS,lfo_profile_adjusted,9,943,55.143160127253445,56.99673211630003
HRS,lfo_profile_adjusted,10,943,62.24814422057264,68.72448322072883
HRS,continuous_three_domain_adjusted,1,943,10.392364793213149,15.231952998983692
HRS,continuous_three_domain_adjusted,2,943,16.64899257688229,20.242995807069093
HRS,continuous_three_domain_adjusted,3,943,22.58748674443266,24.133715731370557
HRS,continuous_three_domain_adjusted,4,943,27.67762460233298,28.137682112734453
HRS,continuous_three_domain_adjusted,5,943,36.37327677624602,32.27715398035773
HRS,continuous_three_domain_adjusted,6,943,44.008483563096505,36.98421900102738
HRS,continuous_three_domain_adjusted,7,943,44.32661717921527,42.3506892216103
HRS,continuous_three_domain_adjusted,8,943,53.65853658536586,48.94569164199922
HRS,continuous_three_domain_adjusted,9,943,59.27889713679746,57.42923768719327
HRS,continuous_three_domain_adjusted,10,943,61.08165429480382,70.30059607005985
KLoSA,lfo_profile_adjusted,1,384,20.833333333333336,23.168877498044395
KLoSA,lfo_profile_adjusted,2,383,26.109660574412537,24.577695363484768
KLoSA,lfo_profile_adjusted,3,383,25.848563968668408,25.85568112188691
KLoSA,lfo_profile_adjusted,4,384,27.604166666666668,27.281963105723868
KLoSA,lfo_profile_adjusted,5,383,27.676240208877285,28.550628917397532
KLoSA,lfo_profile_adjusted,6,383,32.89817232375979,29.994111420250967
KLoSA,lfo_profile_adjusted,7,384,32.8125,31.373010657975637
KLoSA,lfo_profile_adjusted,8,383,31.853785900783286,32.99685367805892
KLoSA,lfo_profile_adjusted,9,383,34.20365535248042,34.94764713994267
KLoSA,lfo_profile_adjusted,10,384,38.54166666666667,39.63093374764878
KLoSA,continuous_three_domain_adjusted,1,384,23.4375,22.056146880631346
KLoSA,continuous_three_domain_adjusted,2,383,24.281984334203656,24.284825462804644
KLoSA,continuous_three_domain_adjusted,3,383,20.626631853785902,25.69004853457699
KLoSA,continuous_three_domain_adjusted,4,384,25.78125,26.979141020314895
KLoSA,continuous_three_domain_adjusted,5,383,28.198433420365536,28.376311958200056
KLoSA,continuous_three_domain_adjusted,6,383,34.72584856396867,29.84619428159639
KLoSA,continuous_three_domain_adjusted,7,384,32.55208333333333,31.415403480177854
KLoSA,continuous_three_domain_adjusted,8,383,34.46475195822455,33.15079617455206
KLoSA,continuous_three_domain_adjusted,9,383,32.637075718015666,35.44889309954032
KLoSA,continuous_three_domain_adjusted,10,384,41.66666666666667,41.129314809751286
MHAS,lfo_profile_adjusted,1,544,7.904411764705882,10.739771111335516
MHAS,lfo_profile_adjusted,2,543,9.94475138121547,15.250135574220888
MHAS,lfo_profile_adjusted,3,543,16.206261510128915,17.987111755386454
MHAS,lfo_profile_adjusted,4,544,20.22058823529412,20.53831212568557
MHAS,lfo_profile_adjusted,5,543,26.151012891344383,22.964419166491147
MHAS,lfo_profile_adjusted,6,543,30.20257826887661,25.74251128677355
MHAS,lfo_profile_adjusted,7,544,28.676470588235293,28.860688691940577
MHAS,lfo_profile_adjusted,8,543,40.331491712707184,32.69614154594009
MHAS,lfo_profile_adjusted,9,543,44.01473296500921,38.831988195258226
MHAS,lfo_profile_adjusted,10,544,40.25735294117647,50.27397993579864
MHAS,continuous_three_domain_adjusted,1,544,6.8014705882352935,10.607238628040658
MHAS,continuous_three_domain_adjusted,2,543,11.233885819521179,15.273762620228782
MHAS,continuous_three_domain_adjusted,3,543,17.863720073664823,17.888375451398186
MHAS,continuous_three_domain_adjusted,4,544,18.38235294117647,20.28167718447154
MHAS,continuous_three_domain_adjusted,5,543,25.04604051565378,22.795733687625113
MHAS,continuous_three_domain_adjusted,6,543,28.7292817679558,25.560878276362264
MHAS,continuous_three_domain_adjusted,7,544,35.11029411764706,28.721446718825472
MHAS,continuous_three_domain_adjusted,8,543,37.569060773480665,32.81447002358619
MHAS,continuous_three_domain_adjusted,9,543,41.25230202578269,39.0126641198996
MHAS,continuous_three_domain_adjusted,10,544,41.911764705882355,50.928580282538626
SHARE,lfo_profile_adjusted,1,1220,3.606557377049181,3.7076046581192554
SHARE,lfo_profile_adjusted,2,1220,4.344262295081967,5.1353210464379
SHARE,lfo_profile_adjusted,3,1220,7.704918032786885,6.382004285749756
SHARE,lfo_profile_adjusted,4,1219,8.531583264971287,7.735170195959447
SHARE,lfo_profile_adjusted,5,1220,8.278688524590164,9.23957612436884
SHARE,lfo_profile_adjusted,6,1220,11.065573770491802,11.101068590366477
SHARE,lfo_profile_adjusted,7,1219,14.027891714520099,13.385382451663489
SHARE,lfo_profile_adjusted,8,1220,16.229508196721312,16.4145355982276
SHARE,lfo_profile_adjusted,9,1220,19.836065573770494,20.94814620531393
SHARE,lfo_profile_adjusted,10,1220,31.229508196721312,30.804568345968125
SHARE,continuous_three_domain_adjusted,1,1220,2.540983606557377,2.839739642797392
SHARE,continuous_three_domain_adjusted,2,1220,4.016393442622951,4.058543390513454
SHARE,continuous_three_domain_adjusted,3,1220,5.655737704918033,5.111957890070548
SHARE,continuous_three_domain_adjusted,4,1219,7.054963084495489,6.327132479211964
SHARE,continuous_three_domain_adjusted,5,1220,6.639344262295081,7.719561913830273
SHARE,continuous_three_domain_adjusted,6,1220,9.836065573770492,9.44440183680673
SHARE,continuous_three_domain_adjusted,7,1219,10.254306808859722,11.76056804580419
SHARE,continuous_three_domain_adjusted,8,1220,15.737704918032788,15.227684607611696
SHARE,continuous_three_domain_adjusted,9,1220,21.721311475409834,21.295719209023677
SHARE,continuous_three_domain_adjusted,10,1220,41.39344262295082,41.06558254214267
