analysis_set,analysis_tier,cohort,outcome,outcome_label,model_type,adjustment,term,term_label,reference,log_or,or,ci_low,ci_high,p_value
functional_bridge_earliest_sensitivity,bridge_sensitivity,KLoSA,functional_deterioration_ge_0_5sd,Functional deterioration >= 0.5 SD,endotype,unadjusted,Intercept,Intercept,1,-0.994351,0.37,0.3341,0.4097,0.0
functional_bridge_earliest_sensitivity,bridge_sensitivity,KLoSA,functional_deterioration_ge_0_5sd,Functional deterioration >= 0.5 SD,endotype,unadjusted,"C(endotype_class, Treatment(reference='1'))[T.2]",2,1,0.405431,1.4999,1.2905,1.7433,0.0
functional_bridge_earliest_sensitivity,bridge_sensitivity,KLoSA,functional_deterioration_ge_0_5sd,Functional deterioration >= 0.5 SD,endotype,unadjusted,"C(endotype_class, Treatment(reference='1'))[T.3]",3,1,-0.093012,0.9112,0.7372,1.1262,0.389574
strict_earliest_primary,strict_primary,CHARLS,functional_deterioration_ge_0_5sd,Functional deterioration >= 0.5 SD,endotype,unadjusted,Intercept,Intercept,1,-0.721449,0.486,0.4557,0.5184,0.0
strict_earliest_primary,strict_primary,CHARLS,functional_deterioration_ge_0_5sd,Functional deterioration >= 0.5 SD,endotype,unadjusted,"C(endotype_class, Treatment(reference='1'))[T.2]",2,1,-0.131663,0.8766,0.7328,1.0486,0.149771
strict_earliest_primary,strict_primary,CHARLS,functional_deterioration_ge_0_5sd,Functional deterioration >= 0.5 SD,endotype,unadjusted,"C(endotype_class, Treatment(reference='1'))[T.3]",3,1,-0.462742,0.6296,0.5294,0.7486,0.0
strict_earliest_primary,strict_primary,ELSA,functional_deterioration_ge_0_5sd,Functional deterioration >= 0.5 SD,endotype,unadjusted,Intercept,Intercept,1,-1.480095,0.2276,0.2048,0.253,0.0
strict_earliest_primary,strict_primary,ELSA,functional_deterioration_ge_0_5sd,Functional deterioration >= 0.5 SD,endotype,unadjusted,"C(endotype_class, Treatment(reference='1'))[T.2]",2,1,0.430544,1.5381,1.3122,1.8029,0.0
strict_earliest_primary,strict_primary,ELSA,functional_deterioration_ge_0_5sd,Functional deterioration >= 0.5 SD,endotype,unadjusted,"C(endotype_class, Treatment(reference='1'))[T.3]",3,1,0.96927,2.636,2.1361,3.2529,0.0
strict_earliest_primary,strict_primary,ELSA,functional_deterioration_ge_0_5sd,Functional deterioration >= 0.5 SD,endotype,unadjusted,"C(endotype_class, Treatment(reference='1'))[T.4]",4,1,1.234525,3.4367,2.7703,4.2635,0.0
strict_earliest_primary,strict_primary,ELSA,functional_deterioration_ge_0_5sd,Functional deterioration >= 0.5 SD,endotype,unadjusted,"C(endotype_class, Treatment(reference='1'))[T.5]",5,1,0.540627,1.7171,1.3792,2.1378,1e-06
strict_earliest_primary,strict_primary,HRS,functional_deterioration_ge_0_5sd,Functional deterioration >= 0.5 SD,endotype,unadjusted,Intercept,Intercept,1,-1.016958,0.3617,0.3353,0.3901,0.0
strict_earliest_primary,strict_primary,HRS,functional_deterioration_ge_0_5sd,Functional deterioration >= 0.5 SD,endotype,unadjusted,"C(endotype_class, Treatment(reference='1'))[T.2]",2,1,0.725286,2.0653,1.873,2.2774,0.0
strict_earliest_primary,strict_primary,HRS,functional_deterioration_ge_0_5sd,Functional deterioration >= 0.5 SD,endotype,unadjusted,"C(endotype_class, Treatment(reference='1'))[T.3]",3,1,1.00392,2.729,2.3243,3.204,0.0
strict_earliest_primary,strict_primary,HRS,functional_deterioration_ge_0_5sd,Functional deterioration >= 0.5 SD,endotype,unadjusted,"C(endotype_class, Treatment(reference='1'))[T.4]",4,1,0.852767,2.3461,1.9612,2.8067,0.0
strict_earliest_primary,strict_primary,HRS,functional_deterioration_ge_0_5sd,Functional deterioration >= 0.5 SD,endotype,unadjusted,"C(endotype_class, Treatment(reference='1'))[T.5]",5,1,0.719582,2.0536,1.7045,2.4741,0.0
strict_earliest_primary,strict_primary,MHAS,functional_deterioration_ge_0_5sd,Functional deterioration >= 0.5 SD,endotype,unadjusted,Intercept,Intercept,1,-1.394008,0.2481,0.2238,0.275,0.0
strict_earliest_primary,strict_primary,MHAS,functional_deterioration_ge_0_5sd,Functional deterioration >= 0.5 SD,endotype,unadjusted,"C(endotype_class, Treatment(reference='1'))[T.2]",2,1,0.49149,1.6348,1.4162,1.887,0.0
strict_earliest_primary,strict_primary,MHAS,functional_deterioration_ge_0_5sd,Functional deterioration >= 0.5 SD,endotype,unadjusted,"C(endotype_class, Treatment(reference='1'))[T.3]",3,1,0.867915,2.3819,1.9588,2.8965,0.0
strict_earliest_primary,strict_primary,MHAS,functional_deterioration_ge_0_5sd,Functional deterioration >= 0.5 SD,endotype,unadjusted,"C(endotype_class, Treatment(reference='1'))[T.4]",4,1,0.513119,1.6705,1.283,2.1751,0.000139
strict_earliest_primary,strict_primary,MHAS,functional_deterioration_ge_0_5sd,Functional deterioration >= 0.5 SD,endotype,unadjusted,"C(endotype_class, Treatment(reference='1'))[T.5]",5,1,0.731871,2.079,1.6442,2.6288,0.0
strict_earliest_primary,strict_primary,SHARE,functional_deterioration_ge_0_5sd,Functional deterioration >= 0.5 SD,endotype,unadjusted,Intercept,Intercept,1,-3.15179,0.0428,0.0373,0.049,0.0
strict_earliest_primary,strict_primary,SHARE,functional_deterioration_ge_0_5sd,Functional deterioration >= 0.5 SD,endotype,unadjusted,"C(endotype_class, Treatment(reference='1'))[T.2]",2,1,-25.414278,0.0,0.0,inf,0.99856
strict_earliest_primary,strict_primary,SHARE,functional_deterioration_ge_0_5sd,Functional deterioration >= 0.5 SD,endotype,unadjusted,"C(endotype_class, Treatment(reference='1'))[T.3]",3,1,3.244164,25.6403,21.6407,30.379,0.0
strict_earliest_primary,strict_primary,SHARE,functional_deterioration_ge_0_5sd,Functional deterioration >= 0.5 SD,endotype,unadjusted,"C(endotype_class, Treatment(reference='1'))[T.4]",4,1,4.299098,73.6333,59.0431,91.8289,0.0
functional_bridge_earliest_sensitivity,bridge_sensitivity,KLoSA,functional_deterioration_ge_0_5sd,Functional deterioration >= 0.5 SD,endotype,age_adjusted,Intercept,Intercept,1,-2.291747,0.1011,0.0628,0.1627,0.0
functional_bridge_earliest_sensitivity,bridge_sensitivity,KLoSA,functional_deterioration_ge_0_5sd,Functional deterioration >= 0.5 SD,endotype,age_adjusted,"C(endotype_class, Treatment(reference='1'))[T.2]",2,1,0.328679,1.3891,1.1919,1.6191,2.6e-05
functional_bridge_earliest_sensitivity,bridge_sensitivity,KLoSA,functional_deterioration_ge_0_5sd,Functional deterioration >= 0.5 SD,endotype,age_adjusted,"C(endotype_class, Treatment(reference='1'))[T.3]",3,1,-0.308623,0.7345,0.586,0.9206,0.00741
functional_bridge_earliest_sensitivity,bridge_sensitivity,KLoSA,functional_deterioration_ge_0_5sd,Functional deterioration >= 0.5 SD,endotype,age_adjusted,age,age,1,0.020592,1.0208,1.0134,1.0283,0.0
strict_earliest_primary,strict_primary,CHARLS,functional_deterioration_ge_0_5sd,Functional deterioration >= 0.5 SD,endotype,age_adjusted,Intercept,Intercept,1,-4.612563,0.0099,0.0063,0.0156,0.0
strict_earliest_primary,strict_primary,CHARLS,functional_deterioration_ge_0_5sd,Functional deterioration >= 0.5 SD,endotype,age_adjusted,"C(endotype_class, Treatment(reference='1'))[T.2]",2,1,-0.26448,0.7676,0.6377,0.9239,0.005166
strict_earliest_primary,strict_primary,CHARLS,functional_deterioration_ge_0_5sd,Functional deterioration >= 0.5 SD,endotype,age_adjusted,"C(endotype_class, Treatment(reference='1'))[T.3]",3,1,-0.801893,0.4485,0.3729,0.5393,0.0
strict_earliest_primary,strict_primary,CHARLS,functional_deterioration_ge_0_5sd,Functional deterioration >= 0.5 SD,endotype,age_adjusted,age,age,1,0.063504,1.0656,1.0578,1.0734,0.0
strict_earliest_primary,strict_primary,ELSA,functional_deterioration_ge_0_5sd,Functional deterioration >= 0.5 SD,endotype,age_adjusted,Intercept,Intercept,1,-6.673305,0.0013,0.0008,0.002,0.0
strict_earliest_primary,strict_primary,ELSA,functional_deterioration_ge_0_5sd,Functional deterioration >= 0.5 SD,endotype,age_adjusted,"C(endotype_class, Treatment(reference='1'))[T.2]",2,1,0.166674,1.1814,0.9973,1.3994,0.053755
strict_earliest_primary,strict_primary,ELSA,functional_deterioration_ge_0_5sd,Functional deterioration >= 0.5 SD,endotype,age_adjusted,"C(endotype_class, Treatment(reference='1'))[T.3]",3,1,0.390178,1.4772,1.1743,1.8584,0.000864
strict_earliest_primary,strict_primary,ELSA,functional_deterioration_ge_0_5sd,Functional deterioration >= 0.5 SD,endotype,age_adjusted,"C(endotype_class, Treatment(reference='1'))[T.4]",4,1,0.750631,2.1183,1.68,2.671,0.0
strict_earliest_primary,strict_primary,ELSA,functional_deterioration_ge_0_5sd,Functional deterioration >= 0.5 SD,endotype,age_adjusted,"C(endotype_class, Treatment(reference='1'))[T.5]",5,1,-0.06425,0.9378,0.7377,1.1922,0.599816
strict_earliest_primary,strict_primary,ELSA,functional_deterioration_ge_0_5sd,Functional deterioration >= 0.5 SD,endotype,age_adjusted,age,age,1,0.081805,1.0852,1.0775,1.0931,0.0
strict_earliest_primary,strict_primary,HRS,functional_deterioration_ge_0_5sd,Functional deterioration >= 0.5 SD,endotype,age_adjusted,Intercept,Intercept,1,-4.901135,0.0074,0.0054,0.0102,0.0
strict_earliest_primary,strict_primary,HRS,functional_deterioration_ge_0_5sd,Functional deterioration >= 0.5 SD,endotype,age_adjusted,"C(endotype_class, Treatment(reference='1'))[T.2]",2,1,0.515459,1.6744,1.5121,1.8542,0.0
strict_earliest_primary,strict_primary,HRS,functional_deterioration_ge_0_5sd,Functional deterioration >= 0.5 SD,endotype,age_adjusted,"C(endotype_class, Treatment(reference='1'))[T.3]",3,1,0.651656,1.9187,1.6205,2.2718,0.0
strict_earliest_primary,strict_primary,HRS,functional_deterioration_ge_0_5sd,Functional deterioration >= 0.5 SD,endotype,age_adjusted,"C(endotype_class, Treatment(reference='1'))[T.4]",4,1,0.614373,1.8485,1.5319,2.2306,0.0
strict_earliest_primary,strict_primary,HRS,functional_deterioration_ge_0_5sd,Functional deterioration >= 0.5 SD,endotype,age_adjusted,"C(endotype_class, Treatment(reference='1'))[T.5]",5,1,0.347109,1.415,1.161,1.7245,0.000585
strict_earliest_primary,strict_primary,HRS,functional_deterioration_ge_0_5sd,Functional deterioration >= 0.5 SD,endotype,age_adjusted,age,age,1,0.060062,1.0619,1.057,1.0669,0.0
strict_earliest_primary,strict_primary,MHAS,functional_deterioration_ge_0_5sd,Functional deterioration >= 0.5 SD,endotype,age_adjusted,Intercept,Intercept,1,-4.568638,0.0104,0.0067,0.0162,0.0
strict_earliest_primary,strict_primary,MHAS,functional_deterioration_ge_0_5sd,Functional deterioration >= 0.5 SD,endotype,age_adjusted,"C(endotype_class, Treatment(reference='1'))[T.2]",2,1,0.468165,1.5971,1.3798,1.8485,0.0
strict_earliest_primary,strict_primary,MHAS,functional_deterioration_ge_0_5sd,Functional deterioration >= 0.5 SD,endotype,age_adjusted,"C(endotype_class, Treatment(reference='1'))[T.3]",3,1,0.780183,2.1819,1.7863,2.665,0.0
strict_earliest_primary,strict_primary,MHAS,functional_deterioration_ge_0_5sd,Functional deterioration >= 0.5 SD,endotype,age_adjusted,"C(endotype_class, Treatment(reference='1'))[T.4]",4,1,0.193133,1.213,0.9199,1.5997,0.171251
strict_earliest_primary,strict_primary,MHAS,functional_deterioration_ge_0_5sd,Functional deterioration >= 0.5 SD,endotype,age_adjusted,"C(endotype_class, Treatment(reference='1'))[T.5]",5,1,0.397068,1.4875,1.1631,1.9022,0.001555
strict_earliest_primary,strict_primary,MHAS,functional_deterioration_ge_0_5sd,Functional deterioration >= 0.5 SD,endotype,age_adjusted,age,age,1,0.051913,1.0533,1.046,1.0606,0.0
strict_earliest_primary,strict_primary,SHARE,functional_deterioration_ge_0_5sd,Functional deterioration >= 0.5 SD,endotype,age_adjusted,Intercept,Intercept,1,-1.464925,0.2311,0.1423,0.3753,0.0
strict_earliest_primary,strict_primary,SHARE,functional_deterioration_ge_0_5sd,Functional deterioration >= 0.5 SD,endotype,age_adjusted,"C(endotype_class, Treatment(reference='1'))[T.2]",2,1,-25.313763,0.0,0.0,inf,0.99856
strict_earliest_primary,strict_primary,SHARE,functional_deterioration_ge_0_5sd,Functional deterioration >= 0.5 SD,endotype,age_adjusted,"C(endotype_class, Treatment(reference='1'))[T.3]",3,1,3.497808,33.0429,27.3933,39.8577,0.0
strict_earliest_primary,strict_primary,SHARE,functional_deterioration_ge_0_5sd,Functional deterioration >= 0.5 SD,endotype,age_adjusted,"C(endotype_class, Treatment(reference='1'))[T.4]",4,1,4.738731,114.2891,88.0461,148.3539,0.0
strict_earliest_primary,strict_primary,SHARE,functional_deterioration_ge_0_5sd,Functional deterioration >= 0.5 SD,endotype,age_adjusted,age,age,1,-0.028068,0.9723,0.9647,0.98,0.0
functional_bridge_earliest_sensitivity,bridge_sensitivity,KLoSA,functional_deterioration_ge_0_5sd,Functional deterioration >= 0.5 SD,severity_tertile,unadjusted,Intercept,Intercept,low,-0.803789,0.4476,0.3982,0.5032,0.0
functional_bridge_earliest_sensitivity,bridge_sensitivity,KLoSA,functional_deterioration_ge_0_5sd,Functional deterioration >= 0.5 SD,severity_tertile,unadjusted,"C(severity_tertile, Treatment(reference='low'))[T.high]",high,low,-0.149208,0.8614,0.7255,1.0228,0.088583
functional_bridge_earliest_sensitivity,bridge_sensitivity,KLoSA,functional_deterioration_ge_0_5sd,Functional deterioration >= 0.5 SD,severity_tertile,unadjusted,"C(severity_tertile, Treatment(reference='low'))[T.middle]",middle,low,-0.014594,0.9855,0.8349,1.1633,0.863058
strict_earliest_primary,strict_primary,CHARLS,functional_deterioration_ge_0_5sd,Functional deterioration >= 0.5 SD,severity_tertile,unadjusted,Intercept,Intercept,low,-1.368699,0.2544,0.2276,0.2845,0.0
strict_earliest_primary,strict_primary,CHARLS,functional_deterioration_ge_0_5sd,Functional deterioration >= 0.5 SD,severity_tertile,unadjusted,"C(severity_tertile, Treatment(reference='low'))[T.high]",high,low,0.867319,2.3805,2.0577,2.754,0.0
strict_earliest_primary,strict_primary,CHARLS,functional_deterioration_ge_0_5sd,Functional deterioration >= 0.5 SD,severity_tertile,unadjusted,"C(severity_tertile, Treatment(reference='low'))[T.middle]",middle,low,0.759479,2.1372,1.8475,2.4722,0.0
strict_earliest_primary,strict_primary,ELSA,functional_deterioration_ge_0_5sd,Functional deterioration >= 0.5 SD,severity_tertile,unadjusted,Intercept,Intercept,low,-1.907492,0.1485,0.1294,0.1703,0.0
strict_earliest_primary,strict_primary,ELSA,functional_deterioration_ge_0_5sd,Functional deterioration >= 0.5 SD,severity_tertile,unadjusted,"C(severity_tertile, Treatment(reference='low'))[T.high]",high,low,1.448301,4.2559,3.59,5.0452,0.0
strict_earliest_primary,strict_primary,ELSA,functional_deterioration_ge_0_5sd,Functional deterioration >= 0.5 SD,severity_tertile,unadjusted,"C(severity_tertile, Treatment(reference='low'))[T.middle]",middle,low,0.895695,2.449,2.0593,2.9125,0.0
strict_earliest_primary,strict_primary,HRS,functional_deterioration_ge_0_5sd,Functional deterioration >= 0.5 SD,severity_tertile,unadjusted,Intercept,Intercept,low,-1.145132,0.3182,0.2937,0.3447,0.0
strict_earliest_primary,strict_primary,HRS,functional_deterioration_ge_0_5sd,Functional deterioration >= 0.5 SD,severity_tertile,unadjusted,"C(severity_tertile, Treatment(reference='low'))[T.high]",high,low,1.185178,3.2713,2.937,3.6436,0.0
strict_earliest_primary,strict_primary,HRS,functional_deterioration_ge_0_5sd,Functional deterioration >= 0.5 SD,severity_tertile,unadjusted,"C(severity_tertile, Treatment(reference='low'))[T.middle]",middle,low,0.699484,2.0127,1.8086,2.2399,0.0
strict_earliest_primary,strict_primary,MHAS,functional_deterioration_ge_0_5sd,Functional deterioration >= 0.5 SD,severity_tertile,unadjusted,Intercept,Intercept,low,-1.446113,0.2355,0.2101,0.2639,0.0
strict_earliest_primary,strict_primary,MHAS,functional_deterioration_ge_0_5sd,Functional deterioration >= 0.5 SD,severity_tertile,unadjusted,"C(severity_tertile, Treatment(reference='low'))[T.high]",high,low,0.805609,2.2381,1.9229,2.6048,0.0
strict_earliest_primary,strict_primary,MHAS,functional_deterioration_ge_0_5sd,Functional deterioration >= 0.5 SD,severity_tertile,unadjusted,"C(severity_tertile, Treatment(reference='low'))[T.middle]",middle,low,0.429484,1.5365,1.317,1.7924,0.0
strict_earliest_primary,strict_primary,SHARE,functional_deterioration_ge_0_5sd,Functional deterioration >= 0.5 SD,severity_tertile,unadjusted,Intercept,Intercept,low,-3.684501,0.0251,0.0207,0.0305,0.0
strict_earliest_primary,strict_primary,SHARE,functional_deterioration_ge_0_5sd,Functional deterioration >= 0.5 SD,severity_tertile,unadjusted,"C(severity_tertile, Treatment(reference='low'))[T.high]",high,low,2.818757,16.756,13.6157,20.6206,0.0
strict_earliest_primary,strict_primary,SHARE,functional_deterioration_ge_0_5sd,Functional deterioration >= 0.5 SD,severity_tertile,unadjusted,"C(severity_tertile, Treatment(reference='low'))[T.middle]",middle,low,1.100118,3.0045,2.3904,3.7764,0.0
functional_bridge_earliest_sensitivity,bridge_sensitivity,KLoSA,functional_deterioration_ge_0_5sd,Functional deterioration >= 0.5 SD,severity_tertile,age_adjusted,Intercept,Intercept,low,-2.653701,0.0704,0.0423,0.117,0.0
functional_bridge_earliest_sensitivity,bridge_sensitivity,KLoSA,functional_deterioration_ge_0_5sd,Functional deterioration >= 0.5 SD,severity_tertile,age_adjusted,"C(severity_tertile, Treatment(reference='low'))[T.high]",high,low,-0.588904,0.5549,0.4498,0.6846,0.0
functional_bridge_earliest_sensitivity,bridge_sensitivity,KLoSA,functional_deterioration_ge_0_5sd,Functional deterioration >= 0.5 SD,severity_tertile,age_adjusted,"C(severity_tertile, Treatment(reference='low'))[T.middle]",middle,low,-0.221254,0.8015,0.672,0.956,0.013905
functional_bridge_earliest_sensitivity,bridge_sensitivity,KLoSA,functional_deterioration_ge_0_5sd,Functional deterioration >= 0.5 SD,severity_tertile,age_adjusted,age,age,low,0.031192,1.0317,1.0232,1.0403,0.0
strict_earliest_primary,strict_primary,CHARLS,functional_deterioration_ge_0_5sd,Functional deterioration >= 0.5 SD,severity_tertile,age_adjusted,Intercept,Intercept,low,-4.34065,0.013,0.0083,0.0205,0.0
strict_earliest_primary,strict_primary,CHARLS,functional_deterioration_ge_0_5sd,Functional deterioration >= 0.5 SD,severity_tertile,age_adjusted,"C(severity_tertile, Treatment(reference='low'))[T.high]",high,low,0.638686,1.894,1.6282,2.2032,0.0
strict_earliest_primary,strict_primary,CHARLS,functional_deterioration_ge_0_5sd,Functional deterioration >= 0.5 SD,severity_tertile,age_adjusted,"C(severity_tertile, Treatment(reference='low'))[T.middle]",middle,low,0.663988,1.9425,1.6751,2.2527,0.0
strict_earliest_primary,strict_primary,CHARLS,functional_deterioration_ge_0_5sd,Functional deterioration >= 0.5 SD,severity_tertile,age_adjusted,age,age,low,0.049577,1.0508,1.0433,1.0584,0.0
strict_earliest_primary,strict_primary,ELSA,functional_deterioration_ge_0_5sd,Functional deterioration >= 0.5 SD,severity_tertile,age_adjusted,Intercept,Intercept,low,-6.506992,0.0015,0.0009,0.0024,0.0
strict_earliest_primary,strict_primary,ELSA,functional_deterioration_ge_0_5sd,Functional deterioration >= 0.5 SD,severity_tertile,age_adjusted,"C(severity_tertile, Treatment(reference='low'))[T.high]",high,low,0.843104,2.3236,1.9317,2.795,0.0
strict_earliest_primary,strict_primary,ELSA,functional_deterioration_ge_0_5sd,Functional deterioration >= 0.5 SD,severity_tertile,age_adjusted,"C(severity_tertile, Treatment(reference='low'))[T.middle]",middle,low,0.541718,1.719,1.4322,2.0632,0.0
strict_earliest_primary,strict_primary,ELSA,functional_deterioration_ge_0_5sd,Functional deterioration >= 0.5 SD,severity_tertile,age_adjusted,age,age,low,0.074296,1.0771,1.0694,1.0849,0.0
strict_earliest_primary,strict_primary,HRS,functional_deterioration_ge_0_5sd,Functional deterioration >= 0.5 SD,severity_tertile,age_adjusted,Intercept,Intercept,low,-4.7268,0.0089,0.0065,0.0121,0.0
strict_earliest_primary,strict_primary,HRS,functional_deterioration_ge_0_5sd,Functional deterioration >= 0.5 SD,severity_tertile,age_adjusted,"C(severity_tertile, Treatment(reference='low'))[T.high]",high,low,0.82573,2.2835,2.0375,2.5593,0.0
strict_earliest_primary,strict_primary,HRS,functional_deterioration_ge_0_5sd,Functional deterioration >= 0.5 SD,severity_tertile,age_adjusted,"C(severity_tertile, Treatment(reference='low'))[T.middle]",middle,low,0.489925,1.6322,1.4608,1.8237,0.0
strict_earliest_primary,strict_primary,HRS,functional_deterioration_ge_0_5sd,Functional deterioration >= 0.5 SD,severity_tertile,age_adjusted,age,age,low,0.056058,1.0577,1.0527,1.0626,0.0
strict_earliest_primary,strict_primary,MHAS,functional_deterioration_ge_0_5sd,Functional deterioration >= 0.5 SD,severity_tertile,age_adjusted,Intercept,Intercept,low,-4.29876,0.0136,0.0088,0.021,0.0
strict_earliest_primary,strict_primary,MHAS,functional_deterioration_ge_0_5sd,Functional deterioration >= 0.5 SD,severity_tertile,age_adjusted,"C(severity_tertile, Treatment(reference='low'))[T.high]",high,low,0.545368,1.7252,1.4721,2.0219,0.0
strict_earliest_primary,strict_primary,MHAS,functional_deterioration_ge_0_5sd,Functional deterioration >= 0.5 SD,severity_tertile,age_adjusted,"C(severity_tertile, Treatment(reference='low'))[T.middle]",middle,low,0.343753,1.4102,1.2056,1.6495,1.7e-05
strict_earliest_primary,strict_primary,MHAS,functional_deterioration_ge_0_5sd,Functional deterioration >= 0.5 SD,severity_tertile,age_adjusted,age,age,low,0.047634,1.0488,1.0416,1.0561,0.0
strict_earliest_primary,strict_primary,SHARE,functional_deterioration_ge_0_5sd,Functional deterioration >= 0.5 SD,severity_tertile,age_adjusted,Intercept,Intercept,low,-4.827276,0.008,0.0054,0.012,0.0
strict_earliest_primary,strict_primary,SHARE,functional_deterioration_ge_0_5sd,Functional deterioration >= 0.5 SD,severity_tertile,age_adjusted,"C(severity_tertile, Treatment(reference='low'))[T.high]",high,low,2.661946,14.3241,11.578,17.7216,0.0
strict_earliest_primary,strict_primary,SHARE,functional_deterioration_ge_0_5sd,Functional deterioration >= 0.5 SD,severity_tertile,age_adjusted,"C(severity_tertile, Treatment(reference='low'))[T.middle]",middle,low,1.033891,2.812,2.2349,3.5382,0.0
strict_earliest_primary,strict_primary,SHARE,functional_deterioration_ge_0_5sd,Functional deterioration >= 0.5 SD,severity_tertile,age_adjusted,age,age,low,0.018762,1.0189,1.0131,1.0248,0.0
functional_bridge_earliest_sensitivity,bridge_sensitivity,KLoSA,chronic_progression_ge_1_condition,Chronic progression >= 1 condition,endotype,unadjusted,Intercept,Intercept,1,-0.696357,0.4984,0.4527,0.5487,0.0
functional_bridge_earliest_sensitivity,bridge_sensitivity,KLoSA,chronic_progression_ge_1_condition,Chronic progression >= 1 condition,endotype,unadjusted,"C(endotype_class, Treatment(reference='1'))[T.2]",2,1,-0.242475,0.7847,0.674,0.9135,0.001766
functional_bridge_earliest_sensitivity,bridge_sensitivity,KLoSA,chronic_progression_ge_1_condition,Chronic progression >= 1 condition,endotype,unadjusted,"C(endotype_class, Treatment(reference='1'))[T.3]",3,1,-0.589339,0.5547,0.446,0.6899,0.0
strict_earliest_primary,strict_primary,CHARLS,chronic_progression_ge_1_condition,Chronic progression >= 1 condition,endotype,unadjusted,Intercept,Intercept,1,-0.08277,0.9206,0.8667,0.9778,0.007153
strict_earliest_primary,strict_primary,CHARLS,chronic_progression_ge_1_condition,Chronic progression >= 1 condition,endotype,unadjusted,"C(endotype_class, Treatment(reference='1'))[T.2]",2,1,0.061525,1.0635,0.9024,1.2532,0.462678
strict_earliest_primary,strict_primary,CHARLS,chronic_progression_ge_1_condition,Chronic progression >= 1 condition,endotype,unadjusted,"C(endotype_class, Treatment(reference='1'))[T.3]",3,1,0.073178,1.0759,0.9274,1.2482,0.334244
strict_earliest_primary,strict_primary,ELSA,chronic_progression_ge_1_condition,Chronic progression >= 1 condition,endotype,unadjusted,Intercept,Intercept,1,0.463297,1.5893,1.4607,1.7292,0.0
strict_earliest_primary,strict_primary,ELSA,chronic_progression_ge_1_condition,Chronic progression >= 1 condition,endotype,unadjusted,"C(endotype_class, Treatment(reference='1'))[T.2]",2,1,0.121216,1.1289,0.984,1.295,0.08356
strict_earliest_primary,strict_primary,ELSA,chronic_progression_ge_1_condition,Chronic progression >= 1 condition,endotype,unadjusted,"C(endotype_class, Treatment(reference='1'))[T.3]",3,1,0.169952,1.1852,0.9673,1.4524,0.101241
strict_earliest_primary,strict_primary,ELSA,chronic_progression_ge_1_condition,Chronic progression >= 1 condition,endotype,unadjusted,"C(endotype_class, Treatment(reference='1'))[T.4]",4,1,-0.040835,0.96,0.7793,1.1825,0.701038
strict_earliest_primary,strict_primary,ELSA,chronic_progression_ge_1_condition,Chronic progression >= 1 condition,endotype,unadjusted,"C(endotype_class, Treatment(reference='1'))[T.5]",5,1,0.212458,1.2367,1.0115,1.5121,0.038363
strict_earliest_primary,strict_primary,HRS,chronic_progression_ge_1_condition,Chronic progression >= 1 condition,endotype,unadjusted,Intercept,Intercept,1,1.229693,3.4202,3.1584,3.7037,0.0
strict_earliest_primary,strict_primary,HRS,chronic_progression_ge_1_condition,Chronic progression >= 1 condition,endotype,unadjusted,"C(endotype_class, Treatment(reference='1'))[T.2]",2,1,-0.520803,0.594,0.536,0.6584,0.0
strict_earliest_primary,strict_primary,HRS,chronic_progression_ge_1_condition,Chronic progression >= 1 condition,endotype,unadjusted,"C(endotype_class, Treatment(reference='1'))[T.3]",3,1,-0.749958,0.4724,0.4002,0.5576,0.0
strict_earliest_primary,strict_primary,HRS,chronic_progression_ge_1_condition,Chronic progression >= 1 condition,endotype,unadjusted,"C(endotype_class, Treatment(reference='1'))[T.4]",4,1,-0.409597,0.6639,0.5479,0.8045,2.9e-05
strict_earliest_primary,strict_primary,HRS,chronic_progression_ge_1_condition,Chronic progression >= 1 condition,endotype,unadjusted,"C(endotype_class, Treatment(reference='1'))[T.5]",5,1,-0.942011,0.3898,0.3233,0.4701,0.0
strict_earliest_primary,strict_primary,MHAS,chronic_progression_ge_1_condition,Chronic progression >= 1 condition,endotype,unadjusted,Intercept,Intercept,1,0.416223,1.5162,1.4008,1.6411,0.0
strict_earliest_primary,strict_primary,MHAS,chronic_progression_ge_1_condition,Chronic progression >= 1 condition,endotype,unadjusted,"C(endotype_class, Treatment(reference='1'))[T.2]",2,1,-0.661022,0.5163,0.4596,0.5801,0.0
strict_earliest_primary,strict_primary,MHAS,chronic_progression_ge_1_condition,Chronic progression >= 1 condition,endotype,unadjusted,"C(endotype_class, Treatment(reference='1'))[T.3]",3,1,-1.501565,0.2228,0.1846,0.2688,0.0
strict_earliest_primary,strict_primary,MHAS,chronic_progression_ge_1_condition,Chronic progression >= 1 condition,endotype,unadjusted,"C(endotype_class, Treatment(reference='1'))[T.4]",4,1,-0.616402,0.5399,0.4377,0.6659,0.0
strict_earliest_primary,strict_primary,MHAS,chronic_progression_ge_1_condition,Chronic progression >= 1 condition,endotype,unadjusted,"C(endotype_class, Treatment(reference='1'))[T.5]",5,1,-0.807554,0.4459,0.365,0.5449,0.0
strict_earliest_primary,strict_primary,SHARE,chronic_progression_ge_1_condition,Chronic progression >= 1 condition,endotype,unadjusted,Intercept,Intercept,1,0.062024,1.064,1.0081,1.1229,0.024166
strict_earliest_primary,strict_primary,SHARE,chronic_progression_ge_1_condition,Chronic progression >= 1 condition,endotype,unadjusted,"C(endotype_class, Treatment(reference='1'))[T.2]",2,1,-0.315971,0.7291,0.6738,0.7889,0.0
strict_earliest_primary,strict_primary,SHARE,chronic_progression_ge_1_condition,Chronic progression >= 1 condition,endotype,unadjusted,"C(endotype_class, Treatment(reference='1'))[T.3]",3,1,-0.009838,0.9902,0.8828,1.1107,0.866682
strict_earliest_primary,strict_primary,SHARE,chronic_progression_ge_1_condition,Chronic progression >= 1 condition,endotype,unadjusted,"C(endotype_class, Treatment(reference='1'))[T.4]",4,1,-0.134205,0.8744,0.7463,1.0246,0.096921
functional_bridge_earliest_sensitivity,bridge_sensitivity,KLoSA,chronic_progression_ge_1_condition,Chronic progression >= 1 condition,endotype,age_adjusted,Intercept,Intercept,1,-0.987642,0.3725,0.2332,0.595,3.6e-05
functional_bridge_earliest_sensitivity,bridge_sensitivity,KLoSA,chronic_progression_ge_1_condition,Chronic progression >= 1 condition,endotype,age_adjusted,"C(endotype_class, Treatment(reference='1'))[T.2]",2,1,-0.260904,0.7704,0.6599,0.8993,0.000952
functional_bridge_earliest_sensitivity,bridge_sensitivity,KLoSA,chronic_progression_ge_1_condition,Chronic progression >= 1 condition,endotype,age_adjusted,"C(endotype_class, Treatment(reference='1'))[T.3]",3,1,-0.638456,0.5281,0.419,0.6656,0.0
functional_bridge_earliest_sensitivity,bridge_sensitivity,KLoSA,chronic_progression_ge_1_condition,Chronic progression >= 1 condition,endotype,age_adjusted,age,age,1,0.004652,1.0047,0.9973,1.012,0.21241
strict_earliest_primary,strict_primary,CHARLS,chronic_progression_ge_1_condition,Chronic progression >= 1 condition,endotype,age_adjusted,Intercept,Intercept,1,0.512102,1.6688,1.1172,2.4927,0.012371
strict_earliest_primary,strict_primary,CHARLS,chronic_progression_ge_1_condition,Chronic progression >= 1 condition,endotype,age_adjusted,"C(endotype_class, Treatment(reference='1'))[T.2]",2,1,0.080329,1.0836,0.919,1.2778,0.339401
strict_earliest_primary,strict_primary,CHARLS,chronic_progression_ge_1_condition,Chronic progression >= 1 condition,endotype,age_adjusted,"C(endotype_class, Treatment(reference='1'))[T.3]",3,1,0.117402,1.1246,0.9664,1.3086,0.129026
strict_earliest_primary,strict_primary,CHARLS,chronic_progression_ge_1_condition,Chronic progression >= 1 condition,endotype,age_adjusted,age,age,1,-0.009791,0.9903,0.9838,0.9967,0.003301
strict_earliest_primary,strict_primary,ELSA,chronic_progression_ge_1_condition,Chronic progression >= 1 condition,endotype,age_adjusted,Intercept,Intercept,1,1.291622,3.6387,2.5013,5.2932,0.0
strict_earliest_primary,strict_primary,ELSA,chronic_progression_ge_1_condition,Chronic progression >= 1 condition,endotype,age_adjusted,"C(endotype_class, Treatment(reference='1'))[T.2]",2,1,0.169392,1.1846,1.0306,1.3616,0.017107
strict_earliest_primary,strict_primary,ELSA,chronic_progression_ge_1_condition,Chronic progression >= 1 condition,endotype,age_adjusted,"C(endotype_class, Treatment(reference='1'))[T.3]",3,1,0.278928,1.3217,1.072,1.6296,0.009035
strict_earliest_primary,strict_primary,ELSA,chronic_progression_ge_1_condition,Chronic progression >= 1 condition,endotype,age_adjusted,"C(endotype_class, Treatment(reference='1'))[T.4]",4,1,0.059198,1.061,0.857,1.3135,0.586788
strict_earliest_primary,strict_primary,ELSA,chronic_progression_ge_1_condition,Chronic progression >= 1 condition,endotype,age_adjusted,"C(endotype_class, Treatment(reference='1'))[T.5]",5,1,0.31395,1.3688,1.1133,1.6829,0.002898
strict_earliest_primary,strict_primary,ELSA,chronic_progression_ge_1_condition,Chronic progression >= 1 condition,endotype,age_adjusted,age,age,1,-0.013443,0.9866,0.9808,0.9925,8e-06
strict_earliest_primary,strict_primary,HRS,chronic_progression_ge_1_condition,Chronic progression >= 1 condition,endotype,age_adjusted,Intercept,Intercept,1,4.022513,55.8412,40.7975,76.4322,0.0
strict_earliest_primary,strict_primary,HRS,chronic_progression_ge_1_condition,Chronic progression >= 1 condition,endotype,age_adjusted,"C(endotype_class, Treatment(reference='1'))[T.2]",2,1,-0.35107,0.7039,0.6332,0.7826,0.0
strict_earliest_primary,strict_primary,HRS,chronic_progression_ge_1_condition,Chronic progression >= 1 condition,endotype,age_adjusted,"C(endotype_class, Treatment(reference='1'))[T.3]",3,1,-0.469332,0.6254,0.5267,0.7426,0.0
strict_earliest_primary,strict_primary,HRS,chronic_progression_ge_1_condition,Chronic progression >= 1 condition,endotype,age_adjusted,"C(endotype_class, Treatment(reference='1'))[T.4]",4,1,-0.20201,0.8171,0.6706,0.9955,0.045036
strict_earliest_primary,strict_primary,HRS,chronic_progression_ge_1_condition,Chronic progression >= 1 condition,endotype,age_adjusted,"C(endotype_class, Treatment(reference='1'))[T.5]",5,1,-0.676224,0.5085,0.4188,0.6175,0.0
strict_earliest_primary,strict_primary,HRS,chronic_progression_ge_1_condition,Chronic progression >= 1 condition,endotype,age_adjusted,age,age,1,-0.043258,0.9577,0.9532,0.9621,0.0
strict_earliest_primary,strict_primary,MHAS,chronic_progression_ge_1_condition,Chronic progression >= 1 condition,endotype,age_adjusted,Intercept,Intercept,1,2.939991,18.9157,12.9975,27.5287,0.0
strict_earliest_primary,strict_primary,MHAS,chronic_progression_ge_1_condition,Chronic progression >= 1 condition,endotype,age_adjusted,"C(endotype_class, Treatment(reference='1'))[T.2]",2,1,-0.642157,0.5262,0.4676,0.5921,0.0
strict_earliest_primary,strict_primary,MHAS,chronic_progression_ge_1_condition,Chronic progression >= 1 condition,endotype,age_adjusted,"C(endotype_class, Treatment(reference='1'))[T.3]",3,1,-1.45335,0.2338,0.1933,0.2827,0.0
strict_earliest_primary,strict_primary,MHAS,chronic_progression_ge_1_condition,Chronic progression >= 1 condition,endotype,age_adjusted,"C(endotype_class, Treatment(reference='1'))[T.4]",4,1,-0.360185,0.6975,0.5612,0.8671,0.001175
strict_earliest_primary,strict_primary,MHAS,chronic_progression_ge_1_condition,Chronic progression >= 1 condition,endotype,age_adjusted,"C(endotype_class, Treatment(reference='1'))[T.5]",5,1,-0.551973,0.5758,0.468,0.7084,0.0
strict_earliest_primary,strict_primary,MHAS,chronic_progression_ge_1_condition,Chronic progression >= 1 condition,endotype,age_adjusted,age,age,1,-0.04141,0.9594,0.9537,0.9652,0.0
strict_earliest_primary,strict_primary,SHARE,chronic_progression_ge_1_condition,Chronic progression >= 1 condition,endotype,age_adjusted,Intercept,Intercept,1,-0.597801,0.55,0.4313,0.7014,1e-06
strict_earliest_primary,strict_primary,SHARE,chronic_progression_ge_1_condition,Chronic progression >= 1 condition,endotype,age_adjusted,"C(endotype_class, Treatment(reference='1'))[T.2]",2,1,-0.353599,0.7022,0.6481,0.7607,0.0
strict_earliest_primary,strict_primary,SHARE,chronic_progression_ge_1_condition,Chronic progression >= 1 condition,endotype,age_adjusted,"C(endotype_class, Treatment(reference='1'))[T.3]",3,1,-0.096539,0.908,0.806,1.0229,0.11236
strict_earliest_primary,strict_primary,SHARE,chronic_progression_ge_1_condition,Chronic progression >= 1 condition,endotype,age_adjusted,"C(endotype_class, Treatment(reference='1'))[T.4]",4,1,-0.284145,0.7527,0.6365,0.8901,0.000897
strict_earliest_primary,strict_primary,SHARE,chronic_progression_ge_1_condition,Chronic progression >= 1 condition,endotype,age_adjusted,age,age,1,0.01081,1.0109,1.0069,1.0148,0.0
functional_bridge_earliest_sensitivity,bridge_sensitivity,KLoSA,chronic_progression_ge_1_condition,Chronic progression >= 1 condition,severity_tertile,unadjusted,Intercept,Intercept,low,-0.796668,0.4508,0.4011,0.5067,0.0
functional_bridge_earliest_sensitivity,bridge_sensitivity,KLoSA,chronic_progression_ge_1_condition,Chronic progression >= 1 condition,severity_tertile,unadjusted,"C(severity_tertile, Treatment(reference='low'))[T.high]",high,low,-0.327431,0.7208,0.6048,0.859,0.000255
functional_bridge_earliest_sensitivity,bridge_sensitivity,KLoSA,chronic_progression_ge_1_condition,Chronic progression >= 1 condition,severity_tertile,unadjusted,"C(severity_tertile, Treatment(reference='low'))[T.middle]",middle,low,0.083991,1.0876,0.923,1.2816,0.315911
strict_earliest_primary,strict_primary,CHARLS,chronic_progression_ge_1_condition,Chronic progression >= 1 condition,severity_tertile,unadjusted,Intercept,Intercept,low,-0.095011,0.9094,0.8314,0.9946,0.037744
strict_earliest_primary,strict_primary,CHARLS,chronic_progression_ge_1_condition,Chronic progression >= 1 condition,severity_tertile,unadjusted,"C(severity_tertile, Treatment(reference='low'))[T.high]",high,low,0.026755,1.0271,0.9042,1.1667,0.68066
strict_earliest_primary,strict_primary,CHARLS,chronic_progression_ge_1_condition,Chronic progression >= 1 condition,severity_tertile,unadjusted,"C(severity_tertile, Treatment(reference='low'))[T.middle]",middle,low,0.062901,1.0649,0.9384,1.2085,0.329634
strict_earliest_primary,strict_primary,ELSA,chronic_progression_ge_1_condition,Chronic progression >= 1 condition,severity_tertile,unadjusted,Intercept,Intercept,low,0.450572,1.5692,1.4281,1.7243,0.0
strict_earliest_primary,strict_primary,ELSA,chronic_progression_ge_1_condition,Chronic progression >= 1 condition,severity_tertile,unadjusted,"C(severity_tertile, Treatment(reference='low'))[T.high]",high,low,0.080755,1.0841,0.9437,1.2454,0.253826
strict_earliest_primary,strict_primary,ELSA,chronic_progression_ge_1_condition,Chronic progression >= 1 condition,severity_tertile,unadjusted,"C(severity_tertile, Treatment(reference='low'))[T.middle]",middle,low,0.162805,1.1768,1.027,1.3485,0.019117
strict_earliest_primary,strict_primary,HRS,chronic_progression_ge_1_condition,Chronic progression >= 1 condition,severity_tertile,unadjusted,Intercept,Intercept,low,1.159562,3.1885,2.9429,3.4547,0.0
strict_earliest_primary,strict_primary,HRS,chronic_progression_ge_1_condition,Chronic progression >= 1 condition,severity_tertile,unadjusted,"C(severity_tertile, Treatment(reference='low'))[T.high]",high,low,-0.780465,0.4582,0.411,0.5108,0.0
strict_earliest_primary,strict_primary,HRS,chronic_progression_ge_1_condition,Chronic progression >= 1 condition,severity_tertile,unadjusted,"C(severity_tertile, Treatment(reference='low'))[T.middle]",middle,low,-0.144787,0.8652,0.7736,0.9677,0.011235
strict_earliest_primary,strict_primary,MHAS,chronic_progression_ge_1_condition,Chronic progression >= 1 condition,severity_tertile,unadjusted,Intercept,Intercept,low,0.259697,1.2965,1.1899,1.4127,0.0
strict_earliest_primary,strict_primary,MHAS,chronic_progression_ge_1_condition,Chronic progression >= 1 condition,severity_tertile,unadjusted,"C(severity_tertile, Treatment(reference='low'))[T.high]",high,low,-0.807014,0.4462,0.394,0.5053,0.0
strict_earliest_primary,strict_primary,MHAS,chronic_progression_ge_1_condition,Chronic progression >= 1 condition,severity_tertile,unadjusted,"C(severity_tertile, Treatment(reference='low'))[T.middle]",middle,low,-0.206904,0.8131,0.7205,0.9176,0.000794
strict_earliest_primary,strict_primary,SHARE,chronic_progression_ge_1_condition,Chronic progression >= 1 condition,severity_tertile,unadjusted,Intercept,Intercept,low,-0.108072,0.8976,0.8448,0.9536,0.000467
strict_earliest_primary,strict_primary,SHARE,chronic_progression_ge_1_condition,Chronic progression >= 1 condition,severity_tertile,unadjusted,"C(severity_tertile, Treatment(reference='low'))[T.high]",high,low,0.028744,1.0292,0.9427,1.1236,0.520998
strict_earliest_primary,strict_primary,SHARE,chronic_progression_ge_1_condition,Chronic progression >= 1 condition,severity_tertile,unadjusted,"C(severity_tertile, Treatment(reference='low'))[T.middle]",middle,low,0.088505,1.0925,1.0029,1.1902,0.042775
functional_bridge_earliest_sensitivity,bridge_sensitivity,KLoSA,chronic_progression_ge_1_condition,Chronic progression >= 1 condition,severity_tertile,age_adjusted,Intercept,Intercept,low,-1.146334,0.3178,0.1926,0.5245,7e-06
functional_bridge_earliest_sensitivity,bridge_sensitivity,KLoSA,chronic_progression_ge_1_condition,Chronic progression >= 1 condition,severity_tertile,age_adjusted,"C(severity_tertile, Treatment(reference='low'))[T.high]",high,low,-0.40982,0.6638,0.5381,0.8188,0.00013
functional_bridge_earliest_sensitivity,bridge_sensitivity,KLoSA,chronic_progression_ge_1_condition,Chronic progression >= 1 condition,severity_tertile,age_adjusted,"C(severity_tertile, Treatment(reference='low'))[T.middle]",middle,low,0.045622,1.0467,0.8807,1.244,0.604639
functional_bridge_earliest_sensitivity,bridge_sensitivity,KLoSA,chronic_progression_ge_1_condition,Chronic progression >= 1 condition,severity_tertile,age_adjusted,age,age,low,0.00592,1.0059,0.9977,1.0143,0.159122
strict_earliest_primary,strict_primary,CHARLS,chronic_progression_ge_1_condition,Chronic progression >= 1 condition,severity_tertile,age_adjusted,Intercept,Intercept,low,0.473338,1.6053,1.0746,2.3982,0.02081
strict_earliest_primary,strict_primary,CHARLS,chronic_progression_ge_1_condition,Chronic progression >= 1 condition,severity_tertile,age_adjusted,"C(severity_tertile, Treatment(reference='low'))[T.high]",high,low,0.074015,1.0768,0.9441,1.2283,0.270269
strict_earliest_primary,strict_primary,CHARLS,chronic_progression_ge_1_condition,Chronic progression >= 1 condition,severity_tertile,age_adjusted,"C(severity_tertile, Treatment(reference='low'))[T.middle]",middle,low,0.084746,1.0884,0.9582,1.2364,0.192452
strict_earliest_primary,strict_primary,CHARLS,chronic_progression_ge_1_condition,Chronic progression >= 1 condition,severity_tertile,age_adjusted,age,age,low,-0.009592,0.9905,0.9839,0.997,0.004419
strict_earliest_primary,strict_primary,ELSA,chronic_progression_ge_1_condition,Chronic progression >= 1 condition,severity_tertile,age_adjusted,Intercept,Intercept,low,1.27559,3.5808,2.4581,5.2163,0.0
strict_earliest_primary,strict_primary,ELSA,chronic_progression_ge_1_condition,Chronic progression >= 1 condition,severity_tertile,age_adjusted,"C(severity_tertile, Treatment(reference='low'))[T.high]",high,low,0.205477,1.2281,1.0574,1.4264,0.00714
strict_earliest_primary,strict_primary,ELSA,chronic_progression_ge_1_condition,Chronic progression >= 1 condition,severity_tertile,age_adjusted,"C(severity_tertile, Treatment(reference='low'))[T.middle]",middle,low,0.232467,1.2617,1.0969,1.4513,0.001133
strict_earliest_primary,strict_primary,ELSA,chronic_progression_ge_1_condition,Chronic progression >= 1 condition,severity_tertile,age_adjusted,age,age,low,-0.013694,0.9864,0.9805,0.9924,9e-06
strict_earliest_primary,strict_primary,HRS,chronic_progression_ge_1_condition,Chronic progression >= 1 condition,severity_tertile,age_adjusted,Intercept,Intercept,low,3.856526,47.3008,34.5315,64.7919,0.0
strict_earliest_primary,strict_primary,HRS,chronic_progression_ge_1_condition,Chronic progression >= 1 condition,severity_tertile,age_adjusted,"C(severity_tertile, Treatment(reference='low'))[T.high]",high,low,-0.479885,0.6189,0.5516,0.6944,0.0
strict_earliest_primary,strict_primary,HRS,chronic_progression_ge_1_condition,Chronic progression >= 1 condition,severity_tertile,age_adjusted,"C(severity_tertile, Treatment(reference='low'))[T.middle]",middle,low,0.037856,1.0386,0.9253,1.1657,0.520597
strict_earliest_primary,strict_primary,HRS,chronic_progression_ge_1_condition,Chronic progression >= 1 condition,severity_tertile,age_adjusted,age,age,low,-0.042338,0.9585,0.954,0.9631,0.0
strict_earliest_primary,strict_primary,MHAS,chronic_progression_ge_1_condition,Chronic progression >= 1 condition,severity_tertile,age_adjusted,Intercept,Intercept,low,2.445153,11.5323,8.0002,16.6238,0.0
strict_earliest_primary,strict_primary,MHAS,chronic_progression_ge_1_condition,Chronic progression >= 1 condition,severity_tertile,age_adjusted,"C(severity_tertile, Treatment(reference='low'))[T.high]",high,low,-0.606541,0.5452,0.4791,0.6204,0.0
strict_earliest_primary,strict_primary,MHAS,chronic_progression_ge_1_condition,Chronic progression >= 1 condition,severity_tertile,age_adjusted,"C(severity_tertile, Treatment(reference='low'))[T.middle]",middle,low,-0.129202,0.8788,0.7773,0.9936,0.039163
strict_earliest_primary,strict_primary,MHAS,chronic_progression_ge_1_condition,Chronic progression >= 1 condition,severity_tertile,age_adjusted,age,age,low,-0.036674,0.964,0.9583,0.9698,0.0
strict_earliest_primary,strict_primary,SHARE,chronic_progression_ge_1_condition,Chronic progression >= 1 condition,severity_tertile,age_adjusted,Intercept,Intercept,low,-0.634154,0.5304,0.4176,0.6736,0.0
strict_earliest_primary,strict_primary,SHARE,chronic_progression_ge_1_condition,Chronic progression >= 1 condition,severity_tertile,age_adjusted,"C(severity_tertile, Treatment(reference='low'))[T.high]",high,low,-0.04598,0.9551,0.8695,1.049,0.336683
strict_earliest_primary,strict_primary,SHARE,chronic_progression_ge_1_condition,Chronic progression >= 1 condition,severity_tertile,age_adjusted,"C(severity_tertile, Treatment(reference='low'))[T.middle]",middle,low,0.058742,1.0605,0.9725,1.1565,0.184068
strict_earliest_primary,strict_primary,SHARE,chronic_progression_ge_1_condition,Chronic progression >= 1 condition,severity_tertile,age_adjusted,age,age,low,0.008723,1.0088,1.0049,1.0126,8e-06
